"user_id";"username";"email"
1;"john_doe";"john.doe@example.com"
2;"jane_smith";"jane.smith@example.com"
3;"bob_williams";"bob.williams@example.com"
4;"alice_jones";"alice.jones@example.com"
5;"david_clark";"david.clark@example.com"
6;"maria_garcia";"maria.garcia@example.com"
7;"carlos_rodriguez";"carlos.rodriguez@example.com"
8;"olivia_smith";"olivia.smith@example.com"
9;"javier_lopez";"javier.lopez@example.com"
10;"isabella_martinez";"isabella.martinez@example.com"
11;"miguel_torres";"miguel.torres@example.com"
12;"emily_johnson";"emily.johnson@example.com"
13;"juan_ramirez";"juan.ramirez@example.com"
14;"sophia_davis";"sophia.davis@example.com"
15;"diego_martinez";"diego.martinez@example.com"
16;"emma_rodriguez";"emma.rodriguez@example.com"
17;"gabriel_jones";"gabriel.jones@example.com"
18;"ava_martinez";"ava.martinez@example.com"
19;"lucas_wilson";"lucas.wilson@example.com"
20;"mia_johnson";"mia.johnson@example.com"
21;"mateo_anderson";"mateo.anderson@example.com"
22;"olivia_taylor";"olivia.taylor@example.com"
23;"noah_thomas";"noah.thomas@example.com"
24;"sofia_smith";"sofia.smith@example.com"
25;"lucas_jones";"lucas.jones@example.com"
